-- phpMyAdmin SQL Dump
-- version 5.2.1
-- https://www.phpmyadmin.net/
--
-- Host: 127.0.0.1:3306
-- Generation Time: Jun 20, 2024 at 11:25 PM
-- Server version: 8.3.0
-- PHP Version: 8.1.2-1ubuntu2.17

SET SQL_MODE = "NO_AUTO_VALUE_ON_ZERO";
START TRANSACTION;
SET time_zone = "+00:00";


/*!40101 SET @OLD_CHARACTER_SET_CLIENT=@@CHARACTER_SET_CLIENT */;
/*!40101 SET @OLD_CHARACTER_SET_RESULTS=@@CHARACTER_SET_RESULTS */;
/*!40101 SET @OLD_COLLATION_CONNECTION=@@COLLATION_CONNECTION */;
/*!40101 SET NAMES utf8mb4 */;

--
-- Database: `grpcendpoints`
--

-- --------------------------------------------------------

--
-- Table structure for table `affiliate_product`
--

CREATE TABLE `affiliate_product` (
  `id` int NOT NULL,
  `affiliateId` int DEFAULT NULL,
  `productId` int DEFAULT NULL
) ENGINE=InnoDB DEFAULT CHARSET=utf8mb4 COLLATE=utf8mb4_0900_ai_ci;

-- --------------------------------------------------------

--
-- Table structure for table `article`
--

CREATE TABLE `article` (
  `createdAt` datetime(6) NOT NULL DEFAULT CURRENT_TIMESTAMP(6),
  `updatedAt` datetime(6) NOT NULL DEFAULT CURRENT_TIMESTAMP(6) ON UPDATE CURRENT_TIMESTAMP(6),
  `id` int NOT NULL,
  `title` varchar(255) DEFAULT NULL,
  `imgurl` varchar(255) NOT NULL,
  `content` text CHARACTER SET utf8mb4 COLLATE utf8mb4_0900_ai_ci,
  `cateogry` varchar(255) DEFAULT NULL,
  `authorId` int DEFAULT NULL
) ENGINE=InnoDB DEFAULT CHARSET=utf8mb4 COLLATE=utf8mb4_0900_ai_ci;

--
-- Dumping data for table `article`
--

INSERT INTO `article` (`createdAt`, `updatedAt`, `id`, `title`, `imgurl`, `content`, `cateogry`, `authorId`) VALUES
('2024-05-20 21:02:09.630437', '2024-05-20 21:02:09.630437', 1, 'وزير التربية والتعليم يجتمع مع مديري المديريات التعليمية لمتابعة انتظام العملية التعليمية', 'https://moe.gov.eg//media/sl3eg4cc/img-20221117-wa0019.jpeg?anchor=center&mode=crop&width=1560&height=528&rnd=133132886994200000', 'عقد الدكتور رضا حجازي وزير التربية والتعليم والتعليم الفني، مساء أمس، اجتماعًا مع السادة مديري المديريات التعليمية بمختلف المحافظات والقيادات التربوية؛ لمناقشة عدد من النقاط المهمة والتي من شأنها تحقيق انضباط العملية التعليمية.\n              استهل الوزير اللقاء بتهنئة القيادات الجديدة، متمنيًا لهم كل النجاح والتوفيق في مهامهم التي يحددها الهيكل التنظيمي الجديد للوزارة، وإسهامهم بشكل فعال في تطوير العملية التعليمية في مصر.\n              وشدد الدكتور رضا حجازي على الالتزام بالكتاب الدوري الخاص بمتابعة الغياب اليومي وانضباط سير الدراسة لضمان حسن سير العملية التعليمية بمختلف مراحل التعليم والتأكيد على تفعيل التسجيل الإلكتروني للغياب أُسْبُوعِيًّا لجميع المراحل التعليمية وخاصة غياب طلاب الشهادة الإعدادية والثانوية العامة، فضلًا عن تفعيل جدول الحصص المقرر لمعلمي الصفين الثالث الثانوي والثالث الإعدادي، مؤكدًا أهمية جذب الطلاب للمدرسة للاستفادة من العملية التعليمية.\n              وأكد الوزير على تفعيل وحدة التواصل والدعم للمعلمين بالمديريات التعليمية وذلك في إطار اهتمام الوزارة بالمعلمين وأهمية دورهم الأصيل في تطوير منظومة التعليم، موجهًا بالاهتمام بالتواصل مع جميع المعلمين بالمديريات التعليمية لتلقي أي شكاوى خاصة بهم ودراسة وبحث هذه الشكاوى بهدف حلها وإزالة المعوقات والصعوبات التي تواجه المعلمين، ودراسة وبحث أية مقترحات مقدمة من المعلمين لدعم وتطوير العملية التعليمية.\n              أما بالنسبة لاختبارات الصفين الأول والثاني الثانوي، أشار الوزير إلى أن الاختبارات ستكون إلكترونية على مستوى الإدارة التعليمية بعد إعداد بنوك الأسئلة، وفقًا للمواصفات التي حددها المركز القومي للامتحانات والإدارة المركزية للتعليم الثانوي، حيث تشتمل الورقة الامتحانية على أسئلة اختيار من متعدد MCQ وعودة الأسئلة المقالية القصيرة Short Essay بنسبة لا تتعدى 15% وفق طبيعة كل مادة دراسية.\n              وأكد الوزير إلى أنه بالنسبة لاختبارات الصف الثالث الثانوي العام، سيتم تدريب الموجهين الأوائل في كل التخصصات على صياغة المفردات التدريبية والممارسات التدريسية وفق كل مواصفة وعلى آلية وضع الأسئلة تحت إشراف الإدارة المركزية لتطوير المناهج والمركز القومي للامتحانات على أن يقوم مديرو عموم تنمية المواد بالتأكيد على أن الأسئلة تأتي في إطار المنهج المقرر لكل مادة.\n              وفيما يخص دمج التكنولوجيا في البرنامج الدراسي، وجه الوزير بتطبيق المرحلة الثانية من نسبة ال 25% لفترات المشاهدة بالمدارس على مستوى الجمهورية، وممارسة الأنشطة بمختلف أنواعها الرياضية والثقافية والفنية؛ مما يسهم في اكتشاف الموهوبين ورعايتهم بالتعاون مع وزارتي الشباب والرياضة والثقافة.\n              كما وجه الوزير بتنظيم رحلات للطلاب إلى المشروعات القومية؛ لتعريفهم بما تم إنجازه على أرض الواقع من هذه المشروعات، وكذلك تنمية روح الولاء والانتماء لدى الطلاب، وقدرات التعلم الذاتي والثقافة العامة والمعرفة بالأحداث الجارية على كافة المستويات، بالإضافة إلى إثراء معلومات الطلاب من خلال البحث والاطلاع المباشر.\n              وأشار الوزير إلى أن الاهتمام بالقراءة والكتابة لدى لطلاب على رأس أولوياتنا، مؤكدًا أن الوزارة تهتم بتعليم الطفل اللغة العربية قراءًة وكتابًة بجودة عالية، حتى يجيد تعلم العلوم الأخرى.\n              وأوضح الوزير أن الوزارة تسعى إلى التوسع في إنشاء المدارس المصرية اليابانية، ومدارس النيل المصرية، ومدارس التكنولوجيا التطبيقية على مستوى المحافظات، وفقًا للتكليفات الرئاسية التي صدرت مؤخرًا خلال المؤتمر الاقتصادي، والمعرض والملتقى الصناعي، مشيرًا إلى أن هناك استحسانا كبيرًا لإنشاء مدارس التكنولوجيا التطبيقية، حيث إن عددها الآن يبلغ 43 مدرسة، ونستهدف التوسع في إنشاء هذه المدارس بالشراكة مع المستثمرين والقطاع الخاص.\n              حضر الاجتماع الدكتور محمد مجاهد نائب الوزير للتعليم الفني، والدكتور أحمد ضاهر نائب الوزير للتطوير التكنولوجي، والدكتورة شيرين حمدي مستشار الوزير للتطوير الإداري والمشرف على الإدارة المركزية لشئون مكتب الوزير، ورؤساء الإدارات المركزية، ومديري مديريات التربية والتعليم، ومديري عموم تنمية المواد التعليمية.', 'MINS', 21),
('2024-05-20 21:02:09.630437', '2024-05-20 21:02:09.630437', 2, '\"التعليم\" توقع بروتوكول تعاون مشترك لإنشاء مدرسة جديدة للتكنولوجيا التطبيقية فـي مجال زراعة وإنتاج التمور بالجيزة', 'https://moe.gov.eg//media/cpxmib4i/whatsapp-image-2022-11-17-at-3-22-07-pm.jpeg?anchor=center&mode=crop&width=1560&height=528&rnd=133131661665030000', 'شهد الدكتور رضا حجازى وزير التربية والتعليم والتعليم الفني، اليوم، بروتوكول تعاون مشترك مع شركة لينة للتنمية السياحية والعمرانية؛ بشأن إنشاء مدرسة لينة للتكنولوجيا التطبيقية للبنين، التابعة لإدارة الواحات البحرية، بمحافظة الجيزة.\n      \n            وقع البروتوكول الدكتور محمد مجاهد نائب الوزير للتعليم الفنى، ومهند السيد إسماعيل خضر نائب رئيس مجلس إدارة شركة لينة للتنمية السياحية والعمرانية، بحضور الدكتور عمرو بصيلة رئيس الإدارة المركزية لتطوير التعليم الفنى ومدير وحدة تشغيل وإدارة مدارس التكنولوجيا التطبيقية، وأشرف سلومة مدير مديرية التربية والتعليم بالجيزة.\n            \n            وأكد الدكتور رضا حجازى وزير التربية والتعليم أن الوزارة تسعى دائمًا إلى تطوير منظومة التعليم الفني، والتدريب المهني، بهدف تحسين نوعية مخرجات، ومستويات المهارات المهنية؛ حتى تواكب المستويات العالمية، مشيرًا إلى أن ثلثي احتياجات سوق العمل من المهن، والتخصصات الجديدة، وتساهم في زيادة نسب التشغيل لخريجي المدارس الفنية، ويزيد من دورها في تلبية الاحتياجات المطلوبة؛ لتنفيذ خطط التنمية الاقتصادية، والاجتماعية في مصر.\n            \n            وأشار الوزير إلى أن هذا البروتوكول يتوافق مع المحور الرئيسى لمؤتمر الصناعة الأخير والتوسع فى المجال الزراعى، والسعى إلى زيادة الصادرات، وإعداد كوادر مدربة تدريب تقنى على الزراعة والتصنيع، لافتًا إلى أن الوزارة تسعى إلى التوسع فى إنشاء العديد من مدارس التكنولوجيا التطبيقية فى مختلف التخصصات، وأن عدد هذه المدارس بلغ 43 مدرسة.\n            \n            وقال الدكتور محمد مجاهد، إن الوزارة تعمل على تشجيع التعليم الفني والتقني، والتدريب المهني وتطويره، والتوسع في أنواعه كافة، طبقًا لمعايير الجودة العالمية، وبما يتناسب مع احتياجات سوق العمل، مشيرًا إلى أن هذا البروتوكول يأتى في إطار تطوير التعليم الفني فى المجال الزراعى والتربية الزراعية، وتم استحداث مدارس التكنولوجيا التطبيقية، كنموذج جديد لتعليم فني متطور، يشارك في تطويره القطاع الخاص، انطلاقًا من مسئوليته المجتمعية، تجاه الوطن، إلى جانب الفائدة التي ستعود عليهما، وعلى الصناعة المصرية من كوادر فنية مؤهلة على مستوى عال.\n            \n            ومن جهته قال الدكتور عمرو بصيلة، إن هذا البروتوكول يهدف إلى استحداث تخصصات عملية في مجال زراعة وإنتاج التمور بمدارس التكنولوجيا التطبيقية؛ مما يساعد فى جذب الشباب نحو دراسة هذه التخصصات التكنولوجية الحديثة، وإيجاد فرص عمل جديدة لخريجي التعليم الفني تخاطب مهن المستقبل.\n            \n            وأضاف أن هذا البروتوكول ينص على أن هذه المدرسة تتخصص في تخريج فنيين مؤهلين للعمل في مجال زراعة وإنتاج التمور، ومدة الدراسة بها ثلاث سنوات، ويمنح الطلاب الناجحون في نهاية الصف الثالث شهادة إتمام الدراسة لدبلوم المدارس الثانوية للتكنولوجيا التطبيقية (نظام السنوات الثلاث)، معتمدة من وزارة التربية والتعليم والتعليم الفني، بالإضافة إلى شهادة خبرة معتمدة من الشركة.\n            \n            وأشار مهند السيد إسماعيل خضر مدير شركة لينة للتنمية السياحية والعمرانية، أن الشركة من الشركات الرائدة في مجال زراعة التمور، والتي تسعى إلى إنتاج وفرة من التمور بالطرق الحديثة، وتحرص على اغتنام كل الفرص الممكنة للقيام بدورها الوطني، والوفاء بمسئوليتها تجاه الدولة التي تتوجه إلى عمل طفرة في هذا المجال، كما تحرص الشركة على تكوين العنصر البشري الكفء، والمؤهل في مجال تخصصه، والتعامل مع كافة المشروعات بجدية تتضمن إتقان العمل.\n            \n            وأضاف، أننا لدينا قناعة بأن التعليم من العناصر الهامة التى تساعد الشركة فى المساهمة فى تنمية وتطوير بلادنا، ونسعى لإعداد عمالة فنية ماهرة مدربة فى مجال زراعة وإنتاج التمور، وتوفير فرص عمل وتطوير فى المجال الزراعى.', 'MINS', 21),
('2024-05-20 21:02:09.630437', '2024-05-20 21:02:09.630437', 3, 'وزير التربية والتعليم يلتقى عدد من طلاب إدارة بني مزار التعليمية بالمنيا ضمن مبادرة \"حوار مع الكبار\"', 'https://moe.gov.eg//media/guymjmdp/whatsapp-image-2022-11-24-at-4-47-42-pm.jpeg?anchor=center&mode=crop&width=1560&height=528&rnd=133137982533670000', 'استقبل الدكتور رضا حجازي وزير التربية والتعليم والتعليم الفني، اليوم، عددًا من طلاب إدارة بني مزار التعليمية بمحافظة المنيا، وذلك في إطار التواصل مع الطلاب بمختلف المراحل التعليمية وإجراء حوار مجتمعي بشأن عدد من القضايا المتعلقة بالعملية التعليمية.\n      \n              وأعرب الوزير، عن سعادته بهذا اللقاء الذي يعد أداة للتواصل بين الوزارة والطلاب، ومعرفة آرائهم وقياس درجة قبولهم للمناهج الجديدة والتي طبقتها الوزارة في الصفوف الدراسية من KG1 وحتى الصف الخامس الابتدائي.\n              \n              وخلال اللقاء طرح الطلاب العديد من الأسئلة على الوزير بشأن العملية التعليمية والمناهج الدراسية، حيث أجاب الوزير على كافة تساؤلاتهم، كما أوضح نهج وزارة التربية والتعليم في تحقيق الفهم والتفكير الناقد ونواتج التعلم بدلاً من الاعتماد على أسلوب الحفظ، وهو الأمر الذي أشاد به الطلاب.\n              \n              وضم الحضور كلاً من عبير إبراهيم عفيفي مديرة المدرسة، والمعتز محمد فايز محمد أخصائي إعلام، وانجي جابر عبد الرحيم أخصائي إعلام، والطالبة مريم إبراهيم دكروري \"الصف الثاني الإعدادي\"، والطالب أحمد شريف جمال محمود \"الصف السادس الابتدائي\"، والطالبة حلا رضا أحمد أبوزيد \"الصف الثالث الابتدائي\"، والطالبة سلمى سمير كامل عثمان \"الصف الخامس الابتدائي\"، والطالب علي أسامة عبد الغني خلف \" الصف الثالث الابتدائي\"، والطالبة يارا أحمد حسن عبدالحميد \"الصف الثالث الإعدادي\".', 'MINS', 21),
('2024-05-20 21:02:09.630437', '2024-05-20 21:02:09.630437', 4, 'وزيرا \"التعليم\" و \"الأوقاف\" يكرمان الفائزين في المسابقة الثقافية الدينية الكبرى', 'https://moe.gov.eg//media/z1fp50bq/img-20221126-wa0013.jpeg?anchor=center&mode=crop&width=1560&height=528&rnd=133139419451700000', 'كرّم الدكتور رضا حجازي وزير التربية والتعليم والتعليم الفني، والدكتور محمد مختار جمعة وزير الأوقاف، ورئيس المجلس الأعلى للشئون الإسلامية، الفائزين في المسابقة الثقافية الدينية الكبرى، والتي تهدف إلى نشر الفكر الديني المعتدل في المجتمع المصري.\n              وفي كلمته، قال الدكتور رضا حجازي، إن أجهزة الدولة المصرية جميعها تسعى إلى تحقيق التنمية الشاملة المستدامة من خلال تنفيذ رؤية مصر 2030، وأهم أهدافِها على الإطلاق هي بناء شخصية الإنسان المصري المتكاملة، وإطلاق إمكانياتها إلى أقصى مدى لمواطن معتز بذاته ومستنير ومبدع ومسئول وقابل للتعددية ويحترم الاختلاف وفخور بتاريخ بلاده وشغوف ببناء مستقبلها.\n              وأضاف أن الوزارة لا تألو جهدًا في بناء وعي الطفل المصري، وتنشئته التنشئة الصالحة، ليخرج إلى الحياة العملية، مؤمنًا بالله عز وجل، مدركًا أن الله -سبحانه وتعالى- قد أمرنا بالعلم، وأن الإيمان والعلم هما المعياران اللذان ترتفع بهما درجة الإنسان.\n              وتابع: \"مع اهتمام وزارة التربية والتعليم بكافة المواد الدراسية، إلا أنها تولي مادة التربية الدينية أهمية قصوى، فتحرص أشد الحرص على الارتقاء بها، وتطوير مناهجها، وتحديث أساليبها، وتدريب معلميها، وتكثيف أنشطتها، لتتحول التربية الدينية من مادة دراسية، إلى سلوك فعلي يعيشه الطالب، وينعكس على معاملاته\".\n              وأشار إلى أن هذه المسابقة لا تقتصر على مرحلة عمرية واحدة، ولا تستهدف فئة الطلاب فقط، بل هي مسابقة شاملة، تستهدف أطراف العملية التعليمية كلها: من طلاب، وأولياء أمور، وإداريين، ومعلمين، وقيادات تعليمية.\n              واختتم الوزير كلمته، قائلاً: \"ونحن إذ نكرم اليوم أوائل الفائزين في المسابقة، نؤكد أن جميع من شارك فيها قد فاز بالفعل، فاز بما حصل من علم نافع، وبما إطلع عليه من معرفة دينية صحيحة\".\n              ومن جانبه أكد الدكتور محمد مختار جمعه وزير الاوقاف، أن قضية بناء الوعي هي قضية تكاملية تسهم فيها العديد من المؤسسات الوطنية، لافتًا إلى أن هناك شراكات واسعة في هذا المجال بين وزارة الأوقاف، ووزارة التربية والتعليم والتعليم الفني، ووزارة التعليم العالي، ووزارة الثقافة، ووزارة الشباب والرياضة، والعديد من المؤسسات الوطنية.\n              وأضاف وزير الأوقاف أن الوزارة تولى اهتمامًا كبيرًا بالنشء، قائلا \"ندرك جميعًا أهمية التشكيل المبكر لعقلية الطفل وغرس الفضائل فيها وتنمية الوعي لديهم، فما ينطبع في عقلية الأطفال من أفكار مغلوطة يحتاج إلى جهود مضاعفة لتصحيحه بعد ذلك\"، مشيرًا إلى أن المعلمين والموجهين يلعبون دورًا هامًا فى الاهتمام بعقلية الطفل وتصحيح المفاهيم الخاطئة لديهم وتكوين العقلية المستنيرة.\n              واستعرض وزير الأوقاف جهود وزارة الأوقاف في حماية النشء الجديد من صغار السن من الفكر الهدام وتوعيتهم دينيًّا توعية صحيحة بما يحميهم من الانزلاق إلى بؤر التشدد والإرهاب، مشيرًا إلى أن وزارة الأوقاف أطلقت مبادرة حق الطفل بنهاية عام 2021، وهي مبادرة تستهدف الأطفال داخل المساجد، مع فتح المساجد وتزامنها مع أجازة آخر العام قامت الوزارة بالتوسع في المبادرة وإطلاقها على مستوى الجمهورية من خلال البرنامج الصيفي للطفل، والذي لاقى إقبالًا كبيرًا من الأطفال، واهتمامًا بالغًا من أولياء الأمور، وحرصًا شديدًا على مشاركة أبنائهم.\n              ووجه وزير الأوقاف إلى استضافة الفائزين في المسابقة الثقافية المشتركة بمعسكر أبي بكر الصديق في الإسكندرية تكريمًا لهم، وإقامة معسكر ترفيهي لهم يتضمن زيارة لمكتبة الإسكندرية التي يتوافر بها أمهات الكتب.\n              وفى ختام الحفل كرم الوزيران الطلاب الفائزين في المسابقة الدينية الكبري للعام الدراسي 2021/2022 وعددهم 74 فائزًا شاركوا في المسابقة، وحصل كل فائز على جائزة مالية مقدمة من وزارة الأوقاف، وشهادة تقدير، ومجموعة كتب من إصدارات المجلس الأعلى للشؤون الإسلامية.\n              جدير بالذكر أن هذه المسابقة الدينية الكبرى مسابقة بحثية تهدف إلى زيادة وعي المجتمع المدرسي بصحيح الدين، وتصويب الأفكار الخاطئة التى قد تتسرب إلى عقول الطلاب من المواقع غير الموثقة على شبكة الإنترنت، وتقدم لهذه المسابقة عدد 58311 متسابق، وهى موجهة إلى سبع فئات، ثلاثة منها للطلاب في المراحل الابتدائية والإعدادية والثانوية (عام وفني)، وأربعة موجهة لبقية أطراف العملية التعليمية من أولياء الأمور، والإداريين في المدارس والإدارات التعليمية، والمعلمين، والقيادات التعليمية.\n              حضر الاحتفالية الدكتور أكرم حسن رئيس الإدارة المركزية لتطوير المناهج، والدكتور أيمن أبو عمر رئيس الإدارة المركزية لشؤون الدعوة بوزارة الأوقاف، والدكتور محمود فؤاد مستشار التربية الدينية، وعماد منصور مدير عام الإدارة العامة للخدمات المركزية، والسادة موجهي عموم مادة التربية الدينية بالمديريات التعليمية.', 'MINS', 21),
('2024-05-20 21:02:09.630437', '2024-05-20 21:02:09.630437', 5, '\"التعليم\" تشارك في المؤتمر العالمى للرعاية والتربية في مرحلة الطفولة المبكرة', 'https://moe.gov.eg//media/z54ppf53/minstry.jpeg?anchor=center&mode=crop&width=1560&height=528&rnd=133137634209000000', 'بناءً على توجيهات الدكتور رضا حجازي وزير التربية والتعليم والتعليم الفني، شاركت وزارة التربية والتعليم والتعليم الفني، في فعاليات المؤتمر العالمى للرعاية والتربية في مرحلة الطفولة المبكرة، والذي انعقد في العاصمة الأوزباكستانية طشقند، بمشاركة نحو 1500 مشارك من مختلف دول العالم.\n              وجاءت مشاركة الوزارة، ممثلة في الدكتورة رانده شاهين رئيس الإدارة المركزية للتعليم العام، تجسيدًا لحرص الدولة على التنافسية والتنمية المهنية المستدامة، والتزام الوزارة بتعزيز تنمية الطفولة المبكرة كأحد أهم جوانب التنمية الشاملة للأطفال.\n              ويهدف المؤتمر العالمي للرعاية والتربية في مرحلة الطفولة المبكرة الذي استضافته جمهورية أوزبكستان وبتنظيم من منظمة الأمم المتحدة للتربية والعلم والثقافة (اليونسكو)، إلى إعادة التأكيد على حق جميع الأطفال في الحصول على خدمات رعاية الطفولة المبكرة والتعليم السليم من خلال تجديد الالتزام والاستثمار في الهدف 4.2 (SDG 4.2) من أهداف التنمية المستدامة للأمم المتحدة الذي يدعو إلى ضمان \"أن تتاح لجميع الفتيات والفتيان فرص الحصول على نوعية جيدة من النماء والرعاية في مرحلة الطفولة المبكرة والتعليم قبل الابتدائي حتى يصبحوا مستعدين للتعليم الابتدائي\".', 'MINS', 21),
('2024-05-20 21:02:09.630437', '2024-05-20 21:02:09.630437', 6, 'في إطار بروتوكول التعاون بين الثقافة والتربية والتعليم تنظيم 1040 نشاطًا في 890 مدرسة واستفاد منها أكثر من 47 ألف طالب', 'https://moe.gov.eg//media/r4mdg4ua/img-20221207-wa0012.jpeg?anchor=center&amp;mode=crop&amp;width=1560&amp;height=528&amp;rnd=133148983898630000', 'في إطار التعاون المشترك بين وزارتي الثقافة والتربية والتعليم والتعليم والفني، أعلنت الإدارة المركزية للأنشطة الطلابية والهيئة العامة لقصور الثقافة، نتاج تفعيل بروتوكول التعاون الموقع بين الوزارتين لتنفيذ سلسلة من الفعاليات لطلبة المدارس في مختلف محافظات الجمهورية خلال شهري نوفمبر وأكتوبر، بهدف الوصول بالمنتج الثقافي إلى الطلاب في مختلف محافظات مصر واكتشاف مواهبهم ورفع وعيهم في مراحل التعليم المختلفة.\n                  حيث بلغ عدد الأنشطة التي نُفذت خلال تلك الفترة 1040 نشاطًا في 890 مدرسة على مستوى الجمهورية واستفاد منها أكثر من 47 ألف طالب في المراحل العمرية المختلفة.\n                  وقال الدكتور رضا حجازي وزير التربية والتعليم والتعليم الفني، إن يوم الأنشطة الذي تم تطبيقه بداية من العام الدراسي الحالي يهدف إلى تنويع المهارات لدى الطلاب واكتشاف المواهب في مختلف المجالات ضمن استراتيجية بناء الإنسان المصري وهي من أهم محاور رؤية مصر التنموية 2030، مشيرًا إلى أهمية اكتشاف الموهوبين والفائقين في المدارس، حيث إنهم من يستطيعون صنع الفارق في المستقبل، حتى نصل إلى التعليم المنتج للإبداع.\n                  وقالت الدكتورة نيفين الكيلاني، وزيرة الثقافة، إن التعاون مع وزارة التربية والتعليم والتعليم الفني يمثل خطوة مهمة في استراتيجية بناء الإنسان المصري، حيث تساهم الأنشطة والفعاليات التي تنظمها الوزارة على يد المتخصصين في كافة مجالات الإبداع، في اكتشاف وصقل مهارات الموهوبين في مجالات الفنون والآداب في مرحلة النشء والشباب، بما يساعد على خلق جيل واع ومستنير، وأكدت وزيرة الثقافة على تكثيف العمل خلال المرحلة المقبلة واستمرار التعاون للوصول بالمنتج الثقافي لأكبر عدد من المدارس في كل محافظات مصر.\n                  وأوضح الفنان هشام عطوة رئيس الهيئة العامة لقصور الثقافة، أن الفعاليات التي قدمها نخبة من المتخصصين من الهيئة داخل مدارس 24 محافظة وبعدد من قصور الثقافة شملت عروضًا فنية ومسرح العرائس، وورش مهارات واكتشاف مواهب في الفنون والآداب والابتكارات العلمية، إلى جانب ورش الحكي والقراءة ومسابقات المعلومات، وعروض سينمائية خاصة بالطفل، وندوات توعوية، وورش الفنون التشكيلية ومعارض فنية للمشاركين فيها.\n                  وأكدت الدكتورة إيمان حسن، رئيس الإدارة المركزية للأنشطة الطلابية، أنه في إطار دعم الدكتور رضا حجازي للأنشطة وممارستها؛ نعمل على تمكين الطلاب من التعبير عن ذاتهم والارتقاءبسلوكياتهم وتنمية قدراتهم ومواهبهم، ولزيادة الوعي واكتساب أبنائنا مهارات التفاعل مع البيئة والتواصل مع المحيطين به والمساهمة في بناء شخصيتهم ثقافيًا وفنيًا واجتماعيًا.\n                  وبلغ إجمالي الأنشطة والفعاليات في إقليم القاهرة الكبرى وشمال الصعيد الثقافي 224 نشاطًا تم تنفيذها في 172 مدرسة من مدارس القاهرة والجيزة والقليوبية والفيوم وبني سويف، بإجمالي 10036مستفيدًا من الطلاب.\n                  كما بلغ إجمال الأنشطة والفاعليات بمدارس الإسماعيلية والسويس وبورسعيد وجنوب سيناء وشمال سيناء 166 نشاطًا في 150 مدرسة بإجمالي 6059 مستفيدًا.\n                  أما إقليم جنوب الصعيد الثقافي فبلغ إجمالي الأنشطة والفعاليات والذي يضم محافظات أسوان والبحر الأحمر وقنا والأقصر فشهد تنفيذ 94 نشاطًا في 82 مدرسة بإجمالي 3179 مستفيد.\n                  وبلغ إجمالي الأنشطة والفعاليات بمدارس دمياط وكفر الشيخ والشرقية والدقهلية 201 نشاط، في 178 مدرسة بإجمالي 8685 مستفيد.\n                  وفي إقليم غرب ووسط الدلتا بلغ إجمالي الأنشطة والفعاليات بمدارس الغربية والبحيرة ومطروح والإسكندرية والمنوفية، 293 نشاطًا في 249 مدرسة بإجمالي 14403 مستفيد.\n                  وفي أقليم شمال الصعيد والذي يضم أسيوط والمنيا والوادي الجديد وسوهاج بلغ إجمالي الأنشطة61 قدمت ل4719 طالب في 59 مدرسة.', 'MINS', 21),
('2024-05-20 21:02:09.630437', '2024-05-20 21:02:09.630437', 7, 'التعليم تنظم تدريب حول ضمان الجودة والاعتماد المؤسسى فى مدارس التكنولوجيا التطبيقية', 'https://moe.gov.eg//media/lv3b5j2u/img-20221207-wa0021.jpeg?anchor=center&amp;mode=crop&amp;width=1560&amp;height=528&amp;rnd=133148995023200000', 'نظمت وزارة التربية والتعليم والتعليم الفنى برنامج تدريبى لمديرى مدارس التكنولوجيا التطبيقية ومسئولى الجودة حول ضمان الجودة والاعتماد المؤسسى فى مدارس التكنولوجيا التطبيقية،وذلك بدءً من يوم الثلاثاء الموافق 2022/12/6، وحتى يوم السبت الموافق 2022/12/10، ضمن سلسلة من البرامج التدريبية التي تنفذها الوحدة لجميع العاملين في مدارس التكنولوجيا التطبيقية، يتم خلالها تدريب مديري ومسئولي الجودة ب 17 مدرسة من مدارس التكنولوجيا التطبيقية بمحافظات القاهرة الكبرى، وذلك فى ضوء توجيهات الدكتور رضا حجازي وزير التربية والتعليم والتعليم الفني بتعزيز مهارات وخبرات العاملين بمدارس التكنولوجيا التطبيقية، وقيادة الدكتور محمد مجاهد نائب الوزير للتعليم الفنى، وإشراف الدكتور عمرو بصيلة رئيس الإدارة المركزية لتطوير التعليم الفني، ومدير وحدة تشغيل وإدارة مدارس التكنولوجيا التطبيقية.\n           وفي هذا السياق قال الدكتور عمرو بصيلة، رئيس الإدارة المركزية لتطوير التعليم الفني، ومدير وحدة تشغيل وإدارة مدارس التكنولوجيا التطبيقية، أن الوزارة تولي اهتمام كبير نحو إداري ومعلمي مدارس التكنولوجيا التطبيقية، باعتبارهم الركيزة الأساسية لنجاح المنظومة، وعليه توفر الوحدة تدريبات دورية لتعزيز مهاراتهم وثقل قدراتهم، وإمدادهم بمستجدات النظم التعليمية المطبقة بمختلف أنحاء العالم؛ بما يثري العملية التعليمية بمدارس التكنولوجيا التطبيقية، مشيرًا إلى أنه فيما يتعلق بالبرنامج التدريبي الخاص بضمان الجودة والاعتماد المؤسسي لمدارس التكنولوجيا التطبيقية، فمن المستهدف توفيره خلال الأيام القليلة القادمة لمديري ومسئولي جودة مدارس التكنولوجيا التطبيقية بباقي محافظات الجمهورية، وبنهاية التدريب فسيكون المتدرب قادر على التعرف على مراحل تأهيل المدرسة للاعتماد، وتحديد فجوات الأداء، وخطط تحسينها ومتابعتها، ذلك بالإضافة إلى القدرة على تصميم خطط متابعة وتحسين الأداء وفق نتائج التقويم الذاتي، ويقوم بالتدريب نخبة من الأساتذة المدربين.', 'MINS', 21),
('2024-05-20 21:02:09.630437', '2024-05-20 21:02:09.630437', 8, 'التعليم تنظم ورشة لتدريب موجهى المواد بالمرحلة الثانوية على أساليب وفنيات صياغة الأسئلة وفقًا لنظام التقييم الجديد', 'https://moe.gov.eg//media/zjzegogp/whatsapp-image-2022-12-05-at-2-46-20-pm.jpeg?anchor=center&amp;mode=crop&amp;width=1560&amp;height=528&amp;rnd=133147195511300000', 'نظمت وزارة التربية والتعليم والتعليم الفنى اليوم ورشة عمل لتدريب موجهى المواد للمرحلة الثانوية بالمديريات التعليمية، على أساليب وفنيات وصياغة الأسئلة وفقًا لنظام التقييم الجديد لطلاب المرحلة الثانوية، وذلك بدءً من يوم الأثنين الموافق 2022/12/5، وحتى يوم الثلاثاء الموافق 2022/12/6.\n      \n                   جاء ذلك بحضور كلٍ من الدكتور أحمد المحمدي مساعد الوزير لشؤون المديريات التعليمية، والدكتور رمضان محمد رمضان مساعد أول الوزير للتقويم ونظم الامتحانات، والأستاذ أكرم حسن رئيس الإدارة المركزية لتطوير المناهج، والأستاذة نادية عبد الله رئيس الإدارة المركزية لشئون المعلمين، والدكتور حسن جاويش مدير الترقي بالأكاديمية المهنية للمعلمين.\n      \n                   وأوضحت الوزارة أن المستهدفين من التدريب عدد 378 موجه لكل مادة من مواد التعليم الثانوي، وعدد 27 مسئول تدريب بكل مديرية تعليمية، بالإضافة إلى عدد 15 مدرب وعدد 10 مشرفين على التدريب، وتحتوي الحقيبة التدريبية على المواد الأساسية (العلوم والدراسات والرياضيات واللغة العربية واللغة الإنجليزية واللغة الثانية وعلم النفس والفلسفة)، ويوجد في كل حقيبة من المواد التدريبية (دليل المتدرب - دليل المشارك - المادة المرجعية - عرض تقديمي عن اليوم الأول، واليوم الثاني - تقويم البرنامج التدريبي - تقويم متدرب - الاختبار القبلي والبعدي)، ويقوم بالتدريب نخبة من الأساتذة المدربين.\n      \n                   وفى نفس السياق، أشارت الوزارة إلى عقد ورشة عمل لإدارات التدريب بالمديريات التعليمية، وذلك في إطار تطوير العمل بإدارات التدريب بالمديريات التعليمية، تستهدف مديري إدارات التدريب بالمديريات؛ وذلك لمناقشة وضع تصور لمعدلات العاملين بأقسام وإدارات التدريب.', 'MINS', 21),
('2024-05-20 21:02:09.630437', '2024-05-20 21:02:09.630437', 9, 'تحت شعار \"اتحضر للأخضر\" مدارس النيل المصرية الدولية تُنظم يومًا خاصًا بالبيئة والمناخ', 'https://moe.gov.eg//media/51bc51ap/whatsapp-image-2022-11-16-at-4-04-32-pm.jpeg?anchor=center&mode=crop&width=1560&height=528&rnd=133130815976570000', 'في ضوء توجيهات الدكتور رضا حجازي وزير التربية والتعليم والتعليم الفني، برفع الوعي الطلابي بقضية التغير المناخي، أسبابها وتأثيراتها السلبية على الإنسان والبيئة والكائنات الحية وكيفية مواجهتها والحد منها، وذلك حفاظًا على العالم من التأثيرات الناتجة عنها، نظمت مدرسة النيل المصرية الدولية \"فرع الياسمين\"، ‎يومًا للتعلم والاستمتاع تحت شعار \"أتحضر للأخضر\"، مواكبة لأحداث العالم بالدورة السابعة والعشرين لمؤتمر الأطراف (COP 27) لإتفاقية الأمم المتحدة الإطارية بشأن تغير المناخ.\n      \n              وتضمنت فعاليات اليوم، مشاركة طلاب المرحلة الابتدائية والإعدادية في عمل محاكاة لما حدث في مؤتمر الأمم المتحدة للتغير المناخي COP27؛ وعمل تقارير وحملات توعية لتغير المناخ ولوحات إرشادية وصناعة مجسمات لحيوانات يظهر على بعضها أثر التغير المناخي، حيث قدم الطلاب خلال العرض مقترحات وحلوًلا بناءة من أجل مواجهة التغير المناخي.\n      \n              كما تضمن اليوم، مشاركة الطلاب في إعادة تدوير المخلفات \"الزجاجات الفارغة\" وتحويلها إلى أواني زهور وصناديق قمامة بهدف إحياء لكل ما هو قديم ومستهلك، مما يعزز لديهم فكرة التنمية المستدامة، حيث رفع الطلاب شعارات منها \"لا لإلقاء النفايات\" و\"نعم للتنمية المستدامة\" و\"أوقفوا الإهدار\".\n      \n              وقدم الطلاب عرضًا تقديميًا يتحدثون فيه باستفاضة عن قمة التغير المناخي بشرم الشيخ، وعن الحلول والمقترحات التي وُضعت من أجل التقليل من أضرار التغير المناخي، ومَثّل هذا العرض الختامي تتويجًا ليوم حفِل بالأحداث والعروض الرائعة، وعبر بصورة جلية عن وعي عميق وفهم أعمق عند الطلاب لقضية (التغير المُناخي).\n      \n              وسيشارك طلاب مدارس النيل في مسابقة \"المدارس البيئية\" عن كل مدرسة والتي تتمثل في السياج الأخضر، زراعة أسطح المدرسة، زراعة المنتجات الأورجانيك دون كيماويات، استخدام الطاقة الشمسية من خلال ألواح الطاقة المستدامة.\n      \n              وتُعد شهادة النيل الثانوية الدولية هي شهادة مصرية مصممة وفقًا للمعايير العالمية بالشراكة مع جامعة كامبريدج البريطانية وهي شهادة معادلة للشهادة الثانوية بالمملكة المتحدة ومعترف بها عَالَمِيًّا.\n      ', 'MINS', 21),
('2024-05-20 21:02:09.630437', '2024-05-20 21:02:09.630437', 10, 'وزير التربية والتعليم يلتقي مديري إدارات التدريب على مستوى الجمهورية', 'https://moe.gov.eg//media/2tgjcbxk/img-20221121-wa0010.jpeg?anchor=center&mode=crop&width=1560&height=528&rnd=133135103288900000', 'الدكتور رضا حجازي: التدريب يعد استكمالاً للجهود التى يتم بذلها لتطوير المنظومة التعليمية\n      \n              عقد الدكتور رضا حجازي وزير التربية والتعليم والتعليم الفني، اليوم، اجتماعًا مع مديري إدارات التدريب على مستوى الجمهورية، وذلك بقاعة الاجتماعات بالإدارة المركزية لإعداد القيادات التوبوية.\n              ورحب الوزير بالحضور، وأكد أن مديري إدارات التدريب بالمحافظات هم أحد أدوات التطوير والتقدم في العملية التعليمية، مشيرًا إلى أهمية التدريب فى رفع مستوى أداء المعلم والعمل علي زيادة قدراته على الإبداع وإستخدام الأساليب الحديثة وتعزيز خبراته فى مجال تخصصه، بالإضافة إلي تعميق وعى المعلم لاستيعاب التطوير ورفع كفاءاته وإكسابه أساليب تعلم حديثة.\n              وأكد حجازي، أنه فى إطار ما تقوم به الوزارة من تطوير المناهج الدراسية من أجل الإستمرار فى نجاح المنظومة التعليمية الجديدة، فإن التدريب يعد استكمالاً للجهود التى يتم بذلها لتطوير المنظومة التعليمية، حيث إن الغاية الأساسية للتدريب هى تحسين أداءات المعلم وتدريبه لإيجاد الطرق الأساسية لبناءه العلمى والتربوى، مما ييسر على المعلم تنمية ذاته علميًا وتربويًا ومايقدمه من أساليب تعليم وتعلم وأساليب تقييم.\n              ووجه الوزير بعقد تدريبات لموجهي المواد على مستوى الجمهورية على نظام التقييم الجديد، وكيفية تدريب المعلمين على التعامل مع نظام التقييم الجديد.\n              وأشار الدكتور رضا حجازي وزير التربية والتعليم والتعليم الفني، إلى أن المعلم أصبح ميسر وموجه وليس ملقن للمعلومة لذا تعمل الوزارة على تأهيل وتدريب المعلمين على إستخدام آليات التدريب والتطوير على أحدث المهارات والوسائل التكنولوجية لكى تتوافق مهارات المعلم مع التطوير والتغيير وذلك إيمانًا بدور المعلم.\n              وحرص الوزير على تفقد مقر الإدارة المركزية لإعداد القيادات التوبوية، والحديث مع جميع العاملين بالمركز.', 'MINS', 21),
('2024-05-20 21:02:09.630437', '2024-05-20 21:02:09.630437', 11, 'وزير التربية والتعليم يكلف الأستاذ الدكتور أحمد المحمدي للعمل كمساعد وزير لشؤون المديريات التعليمية', 'https://moe.gov.eg//media/rzrpa3ga/whatsapp-image-2022-11-18-at-5-00-10-pm.jpeg?anchor=center&mode=crop&width=1560&height=528&rnd=133132895330070000', 'رر الدكتور رضا حجازي وزير التربية والتعليم والتعليم الفني، تكليف الأستاذ الدكتور أحمد المحمدي الأمين العام لضمان جودة التعليم برئاسة مجلس الوزراء، للعمل كمساعد وزير التربية والتعليم لشؤون المديريات التعليمية.\n        \n            وشغل المحمدي، منصب أمين عام اللجنة العليا لاعتماد المؤسسات التعليمية العسكرية التابعة لوزارة الدفاع والداخلية والمؤسسات ذات الطابع الخاص خلال الفترة من 2019 إلى 2022، كما عمل كمساعد رئيس هيئة ضمان جودة التعليم في الفترة من 2017 إلى 2019.\n            \n            كما تم تكليف الدكتور أحمد المحمدي للقيام بأعمال الأمين العام لهيئة ضمان جودة التعليم إلى جانب عمله كمساعد رئيس للهيئة في 2019، فضًلا عن عمله في منصب نائب مدير وحدة جودة التعليم بكلية طب الأسنان في الفترة من 2015 إلى 2017.\n            \n            وحصل الدكتور أحمد المحمدي على درجة أستاذ مساعد في عام 2022، فضًلا عن عمله بشئون المتابعة بوزارة الصحة والسكان، وفي الأمانة العامة للمركز القومي للبحوث بالإضافة إلى عضوية هيئة تدريس جامة الأزهر منذ عام 2010.\n            \n            كما حصل بإلاضافة إلى درجة الدكتوراه في التخصص علي دبلومة إدارة الموارد البشرية جامعة عين شمس 2014، ودبلومة إعداد القادة المتكاملة للترقي للمناصب الإدارية العليا مركز إعداد القادة - جامعة عين شمس 2015، ودبلومة الأزمات والكوارث بالجامعة الأمريكية2017، وماجستير الإدارة والدعم اللوجستي 2019 من الأكاديمية البحرية للعلوم والتكنولوجيا.', 'MINS', 21),
('2024-05-20 21:02:09.630437', '2024-05-20 21:02:09.630437', 12, 'وزير التربية والتعليم يترأس اجتماع أعضاء المجلس الأعلى للأمناء والآباء والمعلمين', 'https://moe.gov.eg//media/poujpoin/whatsapp-image-2022-11-03-at-2-30-16-pm.jpeg?anchor=center&mode=crop&width=1560&height=528&rnd=133119532090370000', '\n            وفي بداية الاجتماع رحب الدكتور رضا حجازي، بأعضاء المجلس، مؤكدًا أن المجلس هو الممثل الشرعى لآراء أولياء الأمور والمعلمين،\n            مشيدًا بدورهم في التغلب على العديد من مشكلات العملية التعليمية والمجهودات المبذولة لإنجاح منظومة التعليم الجديدة. وقال حجازي، إننا نسعى إلى تطوير العملية التعليمية وتنمية مهارات المعلمين، والعمل على توفير منظومة تعليمية متميزة من شأنها تحقيق أهداف التنمية المستدامة. واستعرض الوزير، خلال الاجتماع، الإجراءات التي اتخذتها الوزارة لتطوير المنظومة التعليمية، حيث استهدفت الوزارة عودة الطلاب للمدرسة، ودمج التكنولوجيا في التعليم وتخصيص يوم للأنشطة الفنية والرياضية والثقافية بالتعاون مع وزارتي الشباب والرياضة والثقافة. ووجه الوزير، أعضاء المجلس بضرورة إطلاق مبادرات من شأنها التعريف بالحقوق والواجبات لكل أطراف المنظومة التعليمية، وتحويل تلك المبادرات لتصبح بمثابة ميثاق عمل، سواء لأعضاء مجالس الأمناء، أو للمعلمين وأولياء الأمور، كما تهدف تلك المبادرات للتقريب بين أطراف العملية التعليمية على أرض الواقع. وناقش المجلس العديد من القضايا والتي من أهمها تفعيل دور المجلس بالمدارس والتواصل مع أولياء الأمور والتوعية بجهود الوزارة والتي تهدف في المقام الأول إلي الحفاظ على حق الطلاب في الحصول على خدمة تعليمية تليق بهم، فضًلا عن مناقشة العديد من القضايا الأخرى. حضر الاجتماع الدكتورة إيمان حسن المدير التنفيذي للمجلس، ورئيس الإدارة المركزية للأنشطة الطلابية، والدكتور أكرم حسن رئيس الإدارة المركزية لتطوير المناهج، والمستشار أشرف سيد المستشار القانوني لوزارة التربية والتعليم،\n            وعبد الرؤوف علام رئيس المجلس الأعلى للأمناء والآباء والمعلمين وأعضاء المجلس بمختلف المحافظات.\n        ', 'MINS', 21);

-- --------------------------------------------------------

--
-- Table structure for table `attachment`
--

CREATE TABLE `attachment` (
  `createdAt` datetime(6) NOT NULL DEFAULT CURRENT_TIMESTAMP(6),
  `updatedAt` datetime(6) NOT NULL DEFAULT CURRENT_TIMESTAMP(6) ON UPDATE CURRENT_TIMESTAMP(6),
  `forType` varchar(255) DEFAULT 'Product',
  `attachedId` int DEFAULT NULL,
  `id` int NOT NULL,
  `title` varchar(255) NOT NULL DEFAULT '',
  `description` varchar(255) NOT NULL DEFAULT '',
  `thumbnail` varchar(255) NOT NULL DEFAULT '',
  `source` varchar(255) NOT NULL DEFAULT '',
  `type` varchar(255) NOT NULL DEFAULT 'book',
  `uploaderId` int DEFAULT NULL
) ENGINE=InnoDB DEFAULT CHARSET=utf8mb4 COLLATE=utf8mb4_0900_ai_ci;

-- --------------------------------------------------------

--
-- Table structure for table `author`
--

CREATE TABLE `author` (
  `id` varchar(0) DEFAULT NULL,
  `firstName` varchar(0) DEFAULT NULL,
  `lastName` varchar(0) DEFAULT NULL,
  `age` varchar(0) DEFAULT NULL,
  `IDcardNumber` varchar(0) DEFAULT NULL,
  `username` varchar(0) DEFAULT NULL,
  `passwordHash` varchar(0) DEFAULT NULL,
  `type` varchar(0) DEFAULT NULL,
  `emailValue` varchar(0) DEFAULT NULL,
  `emailVerifed` varchar(0) DEFAULT NULL,
  `created_at` varchar(0) DEFAULT NULL,
  `updated_at` varchar(0) DEFAULT NULL,
  `addressTitle` varchar(0) DEFAULT NULL,
  `addressStreet` varchar(0) DEFAULT NULL,
  `addressCity` varchar(0) DEFAULT NULL,
  `addressState` varchar(0) DEFAULT NULL,
  `addressCountry` varchar(0) DEFAULT NULL,
  `addressIp` varchar(0) DEFAULT NULL
) ENGINE=InnoDB DEFAULT CHARSET=utf8mb4 COLLATE=utf8mb4_0900_ai_ci;

-- --------------------------------------------------------

--
-- Table structure for table `orgz`
--

CREATE TABLE `orgz` (
  `id` int NOT NULL,
  `title` varchar(255) NOT NULL,
  `description` varchar(255) NOT NULL,
  `email` varchar(255) NOT NULL,
  `phone` varchar(255) NOT NULL,
  `createdAt` datetime(6) NOT NULL DEFAULT CURRENT_TIMESTAMP(6),
  `updatedAt` datetime(6) NOT NULL DEFAULT CURRENT_TIMESTAMP(6) ON UPDATE CURRENT_TIMESTAMP(6),
  `type` varchar(255) NOT NULL,
  `ownerId` int DEFAULT NULL,
  `addressTitle` varchar(255) DEFAULT NULL,
  `addressStreet` varchar(255) DEFAULT NULL,
  `addressCity` varchar(255) DEFAULT NULL,
  `addressState` varchar(255) DEFAULT NULL,
  `addressCountry` varchar(255) DEFAULT NULL,
  `addressIp` varchar(255) DEFAULT NULL
) ENGINE=InnoDB DEFAULT CHARSET=utf8mb4 COLLATE=utf8mb4_0900_ai_ci;

-- --------------------------------------------------------

--
-- Table structure for table `password`
--

CREATE TABLE `password` (
  `id` int NOT NULL,
  `passphase` varchar(255) NOT NULL,
  `createdAt` datetime(6) NOT NULL DEFAULT CURRENT_TIMESTAMP(6),
  `userId` int DEFAULT NULL
) ENGINE=InnoDB DEFAULT CHARSET=utf8mb4 COLLATE=utf8mb4_0900_ai_ci;

-- --------------------------------------------------------

--
-- Table structure for table `payment`
--

CREATE TABLE `payment` (
  `id` int NOT NULL,
  `title` varchar(255) DEFAULT NULL,
  `date` varchar(255) NOT NULL,
  `status` varchar(255) DEFAULT NULL,
  `amount` varchar(255) DEFAULT NULL,
  `currency` varchar(255) DEFAULT NULL,
  `transR` varchar(255) DEFAULT NULL,
  `userId` int DEFAULT NULL,
  `shippingTitle` varchar(255) DEFAULT NULL,
  `shippingStreet` varchar(255) NOT NULL,
  `shippingCity` varchar(255) DEFAULT NULL,
  `shippingState` varchar(255) DEFAULT NULL,
  `shippingCountry` varchar(255) DEFAULT NULL,
  `shippingIp` varchar(255) DEFAULT NULL
) ENGINE=InnoDB DEFAULT CHARSET=utf8mb4 COLLATE=utf8mb4_0900_ai_ci;

-- --------------------------------------------------------

--
-- Table structure for table `product`
--

CREATE TABLE `product` (
  `id` int NOT NULL,
  `specs` text NOT NULL,
  `price` int NOT NULL,
  `createdAt` datetime(6) NOT NULL DEFAULT CURRENT_TIMESTAMP(6),
  `updatedAt` datetime(6) NOT NULL DEFAULT CURRENT_TIMESTAMP(6) ON UPDATE CURRENT_TIMESTAMP(6),
  `supplierId` int DEFAULT NULL,
  `relatedId` int DEFAULT NULL
) ENGINE=InnoDB DEFAULT CHARSET=utf8mb4 COLLATE=utf8mb4_0900_ai_ci;

-- --------------------------------------------------------

--
-- Table structure for table `product_subscriptions_subscription`
--

CREATE TABLE `product_subscriptions_subscription` (
  `productId` int NOT NULL,
  `subscriptionId` int NOT NULL
) ENGINE=InnoDB DEFAULT CHARSET=utf8mb4 COLLATE=utf8mb4_0900_ai_ci;

-- --------------------------------------------------------

--
-- Table structure for table `purshase`
--

CREATE TABLE `purshase` (
  `id` int NOT NULL,
  `subTotal` int NOT NULL,
  `userId` int DEFAULT NULL
) ENGINE=InnoDB DEFAULT CHARSET=utf8mb4 COLLATE=utf8mb4_0900_ai_ci;

-- --------------------------------------------------------

--
-- Table structure for table `purshase_item`
--

CREATE TABLE `purshase_item` (
  `id` int NOT NULL,
  `props` text NOT NULL,
  `productId` int DEFAULT NULL,
  `purshaseId` int DEFAULT NULL
) ENGINE=InnoDB DEFAULT CHARSET=utf8mb4 COLLATE=utf8mb4_0900_ai_ci;

-- --------------------------------------------------------

--
-- Table structure for table `query-result-cache`
--

CREATE TABLE `query-result-cache` (
  `id` varchar(0) DEFAULT NULL,
  `identifier` varchar(0) DEFAULT NULL,
  `time` varchar(0) DEFAULT NULL,
  `duration` varchar(0) DEFAULT NULL,
  `query` varchar(0) DEFAULT NULL,
  `result` varchar(0) DEFAULT NULL
) ENGINE=InnoDB DEFAULT CHARSET=utf8mb4 COLLATE=utf8mb4_0900_ai_ci;

-- --------------------------------------------------------

--
-- Table structure for table `sqlite_sequence`
--

CREATE TABLE `sqlite_sequence` (
  `name` varchar(12) DEFAULT NULL,
  `seq` tinyint DEFAULT NULL
) ENGINE=InnoDB DEFAULT CHARSET=utf8mb4 COLLATE=utf8mb4_0900_ai_ci;

--
-- Dumping data for table `sqlite_sequence`
--

INSERT INTO `sqlite_sequence` (`name`, `seq`) VALUES
('sup_ticket', 64),
('verification', 0),
('article', 12),
('author', 0),
('user', 21),
('attachment', 0),
('payment', 0);

-- --------------------------------------------------------

--
-- Table structure for table `subscription`
--

CREATE TABLE `subscription` (
  `id` int NOT NULL,
  `title` varchar(255) DEFAULT NULL,
  `SuserId` int NOT NULL,
  `SProductId` int NOT NULL,
  `createdAt` datetime(6) NOT NULL DEFAULT CURRENT_TIMESTAMP(6),
  `updatedAt` datetime(6) NOT NULL DEFAULT CURRENT_TIMESTAMP(6) ON UPDATE CURRENT_TIMESTAMP(6),
  `renewalAt` date NOT NULL,
  `userId` int DEFAULT NULL
) ENGINE=InnoDB DEFAULT CHARSET=utf8mb4 COLLATE=utf8mb4_0900_ai_ci;

-- --------------------------------------------------------

--
-- Table structure for table `subscription_products_product`
--

CREATE TABLE `subscription_products_product` (
  `subscriptionId` int NOT NULL,
  `productId` int NOT NULL
) ENGINE=InnoDB DEFAULT CHARSET=utf8mb4 COLLATE=utf8mb4_0900_ai_ci;

-- --------------------------------------------------------

--
-- Table structure for table `sup_ticket`
--

CREATE TABLE `sup_ticket` (
  `createdAt` datetime(6) NOT NULL DEFAULT CURRENT_TIMESTAMP(6),
  `updatedAt` datetime(6) NOT NULL DEFAULT CURRENT_TIMESTAMP(6) ON UPDATE CURRENT_TIMESTAMP(6),
  `id` int NOT NULL,
  `type` varchar(255) NOT NULL,
  `subject` varchar(255) NOT NULL,
  `description` varchar(255) NOT NULL,
  `userId` int DEFAULT NULL
) ENGINE=InnoDB DEFAULT CHARSET=utf8mb4 COLLATE=utf8mb4_0900_ai_ci;

--
-- Dumping data for table `sup_ticket`
--

INSERT INTO `sup_ticket` (`createdAt`, `updatedAt`, `id`, `type`, `subject`, `description`, `userId`) VALUES
('2024-05-20 21:21:45.402330', '2024-05-20 21:21:45.402330', 1, 'inquiry', 'Greet', 'How are you?', 1),
('2024-05-20 21:21:45.402330', '2024-05-20 21:21:45.402330', 2, 'inquiry', 'Greet', 'How are you?', 2),
('2024-05-20 21:21:45.402330', '2024-05-20 21:21:45.402330', 3, 'inquiry', 'Greet', 'How are you?', 3),
('2024-05-20 21:21:45.402330', '2024-05-20 21:21:45.402330', 4, 'inquiry', 'Greet', 'How are you?', 3),
('2024-05-20 21:21:45.402330', '2024-05-20 21:21:45.402330', 5, 'inquiry', 'Greet', 'How are you?', 1),
('2024-05-20 21:21:45.402330', '2024-05-20 21:21:45.402330', 6, 'inquiry', 'Greet', 'How are you?', 2),
('2024-05-20 21:21:45.402330', '2024-05-20 21:21:45.402330', 7, 'inquiry', 'Greet', 'How are you?', 3),
('2024-05-20 21:21:45.402330', '2024-05-20 21:21:45.402330', 8, 'inquiry', 'Greet', 'How are you?', 4),
('2024-05-20 21:21:45.402330', '2024-05-20 21:21:45.402330', 9, 'inquiry', 'Greet', 'How are you?', 4),
('2024-05-20 21:21:45.402330', '2024-05-20 21:21:45.402330', 10, 'inquiry', 'Greet', 'How are you?', 5),
('2024-05-20 21:21:45.402330', '2024-05-20 21:21:45.402330', 11, 'inquiry', 'Greet', 'How are you?', 4),
('2024-05-20 21:21:45.402330', '2024-05-20 21:21:45.402330', 12, 'inquiry', 'Greet', 'How are you?', 6),
('2024-05-20 21:21:45.402330', '2024-05-20 21:21:45.402330', 13, 'inquiry', 'Greet', 'How are you?', 7),
('2024-05-20 21:21:45.402330', '2024-05-20 21:21:45.402330', 14, 'inquiry', 'Greet', 'How are you?', 4),
('2024-05-20 21:21:45.402330', '2024-05-20 21:21:45.402330', 15, 'inquiry', 'Greet', 'How are you?', 7),
('2024-05-20 21:21:45.402330', '2024-05-20 21:21:45.402330', 16, 'inquiry', 'Greet', 'How are you?', 8),
('2024-05-20 21:21:45.402330', '2024-05-20 21:21:45.402330', 17, 'inquiry', 'Greet', 'How are you?', 10),
('2024-05-20 21:21:45.402330', '2024-05-20 21:21:45.402330', 18, 'inquiry', 'Greet', 'How are you?', 11),
('2024-05-20 21:21:45.402330', '2024-05-20 21:21:45.402330', 19, 'inquiry', 'Greet', 'How are you?', 6),
('2024-05-20 21:21:45.402330', '2024-05-20 21:21:45.402330', 20, 'inquiry', 'Greet', 'How are you?', 5),
('2024-05-20 21:21:45.402330', '2024-05-20 21:21:45.402330', 21, 'inquiry', 'Greet', 'How are you?', 8),
('2024-05-20 21:21:45.402330', '2024-05-20 21:21:45.402330', 22, 'inquiry', 'Greet', 'How are you?', 4),
('2024-05-20 21:21:45.402330', '2024-05-20 21:21:45.402330', 23, 'inquiry', 'Greet', 'How are you?', 9),
('2024-05-20 21:21:45.402330', '2024-05-20 21:21:45.402330', 24, 'inquiry', 'Greet', 'How are you?', 9),
('2024-05-20 21:21:45.402330', '2024-05-20 21:21:45.402330', 25, 'inquiry', 'Greet', 'How are you?', 3),
('2024-05-20 21:21:45.402330', '2024-05-20 21:21:45.402330', 26, 'inquiry', 'Greet', 'How are you?', 14),
('2024-05-20 21:21:45.402330', '2024-05-20 21:21:45.402330', 27, 'inquiry', 'Greet', 'How are you?', 6),
('2024-05-20 21:21:45.402330', '2024-05-20 21:21:45.402330', 28, 'inquiry', 'Greet', 'How are you?', 9),
('2024-05-20 21:21:45.402330', '2024-05-20 21:21:45.402330', 29, 'inquiry', 'Greet', 'How are you?', 14),
('2024-05-20 21:21:45.402330', '2024-05-20 21:21:45.402330', 30, 'inquiry', 'Greet', 'How are you?', 7),
('2024-05-20 21:21:45.402330', '2024-05-20 21:21:45.402330', 31, 'inquiry', 'Greet', 'How are you?', 9),
('2024-05-20 21:21:45.402330', '2024-05-20 21:21:45.402330', 32, 'inquiry', 'Greet', 'How are you?', 8),
('2024-05-20 21:21:45.402330', '2024-05-20 21:21:45.402330', 33, 'inquiry', 'Greet', 'How are you?', 3),
('2024-05-20 21:21:45.402330', '2024-05-20 21:21:45.402330', 34, 'inquiry', 'Greet', 'How are you?', 4),
('2024-05-20 21:21:45.402330', '2024-05-20 21:21:45.402330', 35, 'inquiry', 'Greet', 'How are you?', 5),
('2024-05-20 21:21:45.402330', '2024-05-20 21:21:45.402330', 36, 'inquiry', 'Greet', 'How are you?', 1),
('2024-05-20 21:21:45.402330', '2024-05-20 21:21:45.402330', 37, 'inquiry', 'Greet', 'How are you?', 2),
('2024-05-20 21:21:45.402330', '2024-05-20 21:21:45.402330', 38, 'inquiry', 'Greet', 'How are you?', 2),
('2024-05-20 21:21:45.402330', '2024-05-20 21:21:45.402330', 39, 'inquiry', 'Greet', 'How are you?', 12),
('2024-05-20 21:21:45.402330', '2024-05-20 21:21:45.402330', 40, 'inquiry', 'Greet', 'How are you?', 13),
('2024-05-20 21:21:45.402330', '2024-05-20 21:21:45.402330', 41, 'inquiry', 'Greet', 'How are you?', 13),
('2024-05-20 21:21:45.402330', '2024-05-20 21:21:45.402330', 42, 'inquiry', 'Greet', 'How are you?', 13),
('2024-05-20 21:21:45.402330', '2024-05-20 21:21:45.402330', 43, 'inquiry', 'Greet', 'How are you?', 13),
('2024-05-20 21:21:45.402330', '2024-05-20 21:21:45.402330', 44, 'inquiry', 'Greet', 'How are you?', 13),
('2024-05-20 21:21:45.402330', '2024-05-20 21:21:45.402330', 45, 'inquiry', 'Greet', 'How are you?', 13),
('2024-05-20 21:21:45.402330', '2024-05-20 21:21:45.402330', 46, 'inquiry', 'Greet', 'How are you?', 10),
('2024-05-20 21:21:45.402330', '2024-05-20 21:21:45.402330', 47, 'inquiry', 'Greet', 'How are you?', 10),
('2024-05-20 21:21:45.402330', '2024-05-20 21:21:45.402330', 48, 'inquiry', 'Greet', 'How are you?', 10),
('2024-05-20 21:21:45.402330', '2024-05-20 21:21:45.402330', 49, 'inquiry', 'Greet', 'How are you?', 10),
('2024-05-20 21:21:45.402330', '2024-05-20 21:21:45.402330', 50, 'inquiry', 'Greet', 'How are you?', 10),
('2024-05-20 21:21:45.402330', '2024-05-20 21:21:45.402330', 51, 'inquiry', 'Greet', 'How are you?', 10),
('2024-05-20 21:21:45.402330', '2024-05-20 21:21:45.402330', 52, 'inquiry', 'Greet', 'How are you?', 10),
('2024-05-20 21:21:45.402330', '2024-05-20 21:21:45.402330', 53, 'inquiry', 'Greet', 'How are you?', 10),
('2024-05-20 21:21:45.402330', '2024-05-20 21:21:45.402330', 54, 'inquiry', 'Greet', 'How are you?', 10),
('2024-05-20 21:21:45.402330', '2024-05-20 21:21:45.402330', 55, 'inquiry', 'Greet', 'How are you?', 6),
('2024-05-20 21:21:45.402330', '2024-05-20 21:21:45.402330', 56, 'inquiry', 'Greet', 'How are you?', 6),
('2024-05-20 21:21:45.402330', '2024-05-20 21:21:45.402330', 57, 'inquiry', 'Greet', 'How are you?', 11),
('2024-05-20 21:21:45.402330', '2024-05-20 21:21:45.402330', 58, 'inquiry', 'Greet', 'How are you?', 11),
('2024-05-20 21:21:45.402330', '2024-05-20 21:21:45.402330', 59, 'complaint', 'greet', 'how', 11),
('2024-05-20 21:21:45.402330', '2024-05-20 21:21:45.402330', 60, 'complaint', 'complain', 'oh,what are you doing', 5),
('2024-05-20 21:21:45.402330', '2024-05-20 21:21:45.402330', 61, 'complaint', 'complain', 'oh,what are you doing', 5),
('2024-05-20 21:21:45.402330', '2024-05-20 21:21:45.402330', 62, 'complaint', 'complain', 'oh,what are you doing', 5),
('2024-05-20 21:21:45.402330', '2024-05-20 21:21:45.402330', 63, 'complaint', 'complain', 'oh,what are you doing', 5),
('2024-05-20 21:21:45.402330', '2024-05-20 21:21:45.402330', 64, 'complaint', 'complain', 'oh,what are you doing', 5);

-- --------------------------------------------------------

--
-- Table structure for table `user`
--

CREATE TABLE `user` (
  `id` int NOT NULL,
  `firstName` varchar(255) NOT NULL,
  `lastName` varchar(255) NOT NULL,
  `age` int NOT NULL,
  `IDcardNumber` int NOT NULL DEFAULT '29808',
  `username` varchar(255) DEFAULT NULL,
  `passwordHash` varchar(255) DEFAULT NULL,
  `createdAt` datetime(6) NOT NULL DEFAULT CURRENT_TIMESTAMP(6),
  `updatedAt` datetime(6) NOT NULL DEFAULT CURRENT_TIMESTAMP(6) ON UPDATE CURRENT_TIMESTAMP(6),
  `type` varchar(255) NOT NULL DEFAULT 'Author',
  `referralCode` varchar(255) DEFAULT '456',
  `referedBy` varchar(255) DEFAULT '456',
  `emailValue` varchar(255) DEFAULT 'test@test.com',
  `emailVerifed` tinyint DEFAULT '0',
  `addressTitle` varchar(255) DEFAULT NULL,
  `addressStreet` varchar(255) DEFAULT NULL,
  `addressCity` varchar(255) DEFAULT NULL,
  `addressState` varchar(255) DEFAULT NULL,
  `addressCountry` varchar(255) DEFAULT NULL,
  `addressIp` varchar(255) DEFAULT NULL
) ENGINE=InnoDB DEFAULT CHARSET=utf8mb4 COLLATE=utf8mb4_0900_ai_ci;

--
-- Dumping data for table `user`
--

INSERT INTO `user` (`id`, `firstName`, `lastName`, `age`, `IDcardNumber`, `username`, `passwordHash`, `createdAt`, `updatedAt`, `type`, `referralCode`, `referedBy`, `emailValue`, `emailVerifed`, `addressTitle`, `addressStreet`, `addressCity`, `addressState`, `addressCountry`, `addressIp`) VALUES
(1, 'Timber', 'Saw', 25, 158127786, 'test_279346__1', 'test_297438__1', '2024-05-20 20:43:34.646289', '2024-05-20 20:43:34.646289', 'author', '456', '456', 'test@test.com', 0, '', '', '', '', '', ''),
(2, 'abdo', 'moh', 26, 158127786, 'test_279346__2', 'test_297438__2', '2024-05-20 20:43:34.646289', '2024-05-20 20:43:34.646289', 'author', '456', '456', 'test@test.com', 0, '', '', '', '', '', ''),
(3, 'abdo', 'moh', 26, 158127786, 'test_279346__3', 'test_297438__3', '2024-05-20 20:43:34.646289', '2024-05-20 20:43:34.646289', 'author', '456', '456', 'test@test.com', 0, '', '', '', '', '', ''),
(4, 'abdo', 'moh', 26, 158127786, 'test_279346__4', 'test_297438__4', '2024-05-20 20:43:34.646289', '2024-05-20 20:43:34.646289', 'author', '456', '456', 'test@test.com', 0, '', '', '', '', '', ''),
(5, 'abdo', 'moh', 26, 158127786, 'test_279346__5', 'test_297438__5', '2024-05-20 20:43:34.646289', '2024-05-20 20:43:34.646289', 'author', '456', '456', 'test@test.com', 0, '', '', '', '', '', ''),
(6, 'abdo', 'moh', 26, 158127786, 'test_279346__6', 'test_297438__6', '2024-05-20 20:43:34.646289', '2024-05-20 20:43:34.646289', 'author', '456', '456', 'test@test.com', 0, '', '', '', '', '', ''),
(7, 'abdo', 'moh', 26, 158127786, 'test_279346__7', 'test_297438__7', '2024-05-20 20:43:34.646289', '2024-05-20 20:43:34.646289', 'author', '456', '456', 'test@test.com', 0, '', '', '', '', '', ''),
(8, 'abdo', 'moh', 26, 158127786, 'test_279346__8', 'test_297438__8', '2024-05-20 20:43:34.646289', '2024-05-20 20:43:34.646289', 'author', '456', '456', 'test@test.com', 0, '', '', '', '', '', ''),
(9, 'abdo', 'moh', 26, 158127786, 'test_279346__9', 'test_297438__9', '2024-05-20 20:43:34.646289', '2024-05-20 20:43:34.646289', 'author', '456', '456', 'test@test.com', 0, '', '', '', '', '', ''),
(10, 'abdo', 'moh', 26, 158127786, 'test_279346__10', 'test_297438__10', '2024-05-20 20:43:34.646289', '2024-05-20 20:43:34.646289', 'author', '456', '456', 'test@test.com', 0, '', '', '', '', '', ''),
(11, 'abdo', 'moh', 26, 158127786, 'test_279346__11', 'test_297438__11', '2024-05-20 20:43:34.646289', '2024-05-20 20:43:34.646289', 'author', '456', '456', 'test@test.com', 0, '', '', '', '', '', ''),
(12, 'abdo', 'moh', 26, 158127786, 'test_279346__12', 'test_297438__12', '2024-05-20 20:43:34.646289', '2024-05-20 20:43:34.646289', 'author', '456', '456', 'test@test.com', 0, '', '', '', '', '', ''),
(13, 'abdo', 'moh', 26, 158127786, 'test_279346__13', 'test_297438__13', '2024-05-20 20:43:34.646289', '2024-05-20 20:43:34.646289', 'author', '456', '456', 'test@test.com', 0, '', '', '', '', '', ''),
(14, 'abdo', 'moh', 26, 158127786, 'test_279346__14', 'test_297438__14', '2024-05-20 20:43:34.646289', '2024-05-20 20:43:34.646289', 'author', '456', '456', 'test@test.com', 0, '', '', '', '', '', ''),
(15, 'abdo', 'moh', 26, 158127786, 'test_279346__15', 'test_297438__15', '2024-05-20 20:43:34.646289', '2024-05-20 20:43:34.646289', 'author', '456', '456', 'test@test.com', 0, '', '', '', '', '', ''),
(16, 'abdo', 'moh', 26, 158127786, 'test_279346__16', 'test_297438__16', '2024-05-20 20:43:34.646289', '2024-05-20 20:43:34.646289', 'author', '456', '456', 'test@test.com', 0, '', '', '', '', '', ''),
(17, 'abdo', 'moh', 26, 158127786, 'test_279346__17', 'test_297438__17', '2024-05-20 20:43:34.646289', '2024-05-20 20:43:34.646289', 'author', '456', '456', 'test@test.com', 0, '', '', '', '', '', ''),
(18, 'abdo', 'moh', 26, 158127786, 'test_279346__18', 'test_297438__18', '2024-05-20 20:43:34.646289', '2024-05-20 20:43:34.646289', 'author', '456', '456', 'test@test.com', 0, '', '', '', '', '', ''),
(19, 'abdoh', 'moh', 27, 158127786, 'test', 'test234', '2024-05-20 20:43:34.646289', '2024-05-20 20:43:34.646289', 'author', '456', '456', 'test@test.com', 0, '', '', '', '', '', ''),
(20, 'abdohhh', 'mohhh', 24, 158127786, 'abdo_test21', 'test234567', '2024-05-20 20:43:34.646289', '2024-05-20 20:43:34.646289', 'author', '456', '456', 'test@test.com', 0, '', '', '', '', '', ''),
(21, 'abdo_test', 'moh_htest', 26, 158127786, 'abdo_test22', 'test2345678', '2024-05-20 20:43:34.646289', '2024-05-20 20:43:34.646289', 'Author', '456', '456', 'test@test.com', 0, '', '', '', '', '', '');

-- --------------------------------------------------------

--
-- Table structure for table `verification`
--

CREATE TABLE `verification` (
  `id` int NOT NULL,
  `type` varchar(255) DEFAULT NULL,
  `userId` int DEFAULT NULL
) ENGINE=InnoDB DEFAULT CHARSET=utf8mb4 COLLATE=utf8mb4_0900_ai_ci;

-- --------------------------------------------------------

--
-- Table structure for table `verify_code`
--

CREATE TABLE `verify_code` (
  `id` int NOT NULL,
  `code` varchar(255) NOT NULL,
  `expiresAt` date NOT NULL,
  `verificationId` int DEFAULT NULL
) ENGINE=InnoDB DEFAULT CHARSET=utf8mb4 COLLATE=utf8mb4_0900_ai_ci;

--
-- Indexes for dumped tables
--

--
-- Indexes for table `affiliate_product`
--
ALTER TABLE `affiliate_product`
  ADD PRIMARY KEY (`id`),
  ADD KEY `FK_d786d0d634e2c1cb08cb19cc998` (`affiliateId`),
  ADD KEY `FK_52842bab479ab07c179e26f4e77` (`productId`);

--
-- Indexes for table `article`
--
ALTER TABLE `article`
  ADD PRIMARY KEY (`id`),
  ADD KEY `FK_a9c5f4ec6cceb1604b4a3c84c87` (`authorId`);

--
-- Indexes for table `attachment`
--
ALTER TABLE `attachment`
  ADD PRIMARY KEY (`id`),
  ADD KEY `IDX_ff4293bafeb40051870fdfd6d1` (`forType`),
  ADD KEY `FK_3d7e69c4806235cdc49140a0c9f` (`uploaderId`),
  ADD KEY `FK_7a8a6cc46014f4462f8d957c208` (`attachedId`);

--
-- Indexes for table `orgz`
--
ALTER TABLE `orgz`
  ADD PRIMARY KEY (`id`),
  ADD KEY `FK_804c0a0eea5150c3dc4f1c8b7f1` (`ownerId`);

--
-- Indexes for table `password`
--
ALTER TABLE `password`
  ADD PRIMARY KEY (`id`),
  ADD KEY `FK_dc877602e08545367e6f85b02e5` (`userId`);

--
-- Indexes for table `payment`
--
ALTER TABLE `payment`
  ADD PRIMARY KEY (`id`),
  ADD KEY `FK_b046318e0b341a7f72110b75857` (`userId`);

--
-- Indexes for table `product`
--
ALTER TABLE `product`
  ADD PRIMARY KEY (`id`),
  ADD KEY `FK_4346e4adb741e80f3711ee09ba4` (`supplierId`),
  ADD KEY `FK_5a529e8ea077d41e89239e99a9d` (`relatedId`);

--
-- Indexes for table `product_subscriptions_subscription`
--
ALTER TABLE `product_subscriptions_subscription`
  ADD PRIMARY KEY (`productId`,`subscriptionId`),
  ADD KEY `IDX_8a36e3880deb511de32f533e12` (`productId`),
  ADD KEY `IDX_40ec579c6ddd80fe2758df9b97` (`subscriptionId`);

--
-- Indexes for table `purshase`
--
ALTER TABLE `purshase`
  ADD PRIMARY KEY (`id`),
  ADD KEY `FK_dd01bc6f41e3f2e5206ab3206ed` (`userId`);

--
-- Indexes for table `purshase_item`
--
ALTER TABLE `purshase_item`
  ADD PRIMARY KEY (`id`),
  ADD UNIQUE KEY `REL_c67f86f697620ddfc7490aca68` (`productId`),
  ADD KEY `FK_7d93c77cc4705c82cb97faedb9a` (`purshaseId`);

--
-- Indexes for table `subscription`
--
ALTER TABLE `subscription`
  ADD PRIMARY KEY (`id`),
  ADD KEY `FK_cc906b4bc892b048f1b654d2aa0` (`userId`);

--
-- Indexes for table `subscription_products_product`
--
ALTER TABLE `subscription_products_product`
  ADD PRIMARY KEY (`subscriptionId`,`productId`),
  ADD KEY `IDX_410a322403b7a0585329a67e20` (`subscriptionId`),
  ADD KEY `IDX_0a883228c4d85f2dbd022972a0` (`productId`);

--
-- Indexes for table `sup_ticket`
--
ALTER TABLE `sup_ticket`
  ADD PRIMARY KEY (`id`),
  ADD KEY `FK_27c411bb14add61cf846443aa61` (`userId`);

--
-- Indexes for table `user`
--
ALTER TABLE `user`
  ADD PRIMARY KEY (`id`),
  ADD KEY `IDX_bf0e513b5cd8b4e937fa070231` (`referralCode`),
  ADD KEY `IDX_becf195b0c4cbdb54c101af9f6` (`referedBy`);

--
-- Indexes for table `verification`
--
ALTER TABLE `verification`
  ADD PRIMARY KEY (`id`),
  ADD KEY `FK_8300048608d8721aea27747b07a` (`userId`);

--
-- Indexes for table `verify_code`
--
ALTER TABLE `verify_code`
  ADD PRIMARY KEY (`id`),
  ADD KEY `FK_9f5d1db0d4362a19e2f500e57f8` (`verificationId`);

--
-- AUTO_INCREMENT for dumped tables
--

--
-- AUTO_INCREMENT for table `affiliate_product`
--
ALTER TABLE `affiliate_product`
  MODIFY `id` int NOT NULL AUTO_INCREMENT;

--
-- AUTO_INCREMENT for table `article`
--
ALTER TABLE `article`
  MODIFY `id` int NOT NULL AUTO_INCREMENT, AUTO_INCREMENT=13;

--
-- AUTO_INCREMENT for table `attachment`
--
ALTER TABLE `attachment`
  MODIFY `id` int NOT NULL AUTO_INCREMENT;

--
-- AUTO_INCREMENT for table `orgz`
--
ALTER TABLE `orgz`
  MODIFY `id` int NOT NULL AUTO_INCREMENT;

--
-- AUTO_INCREMENT for table `password`
--
ALTER TABLE `password`
  MODIFY `id` int NOT NULL AUTO_INCREMENT;

--
-- AUTO_INCREMENT for table `payment`
--
ALTER TABLE `payment`
  MODIFY `id` int NOT NULL AUTO_INCREMENT;

--
-- AUTO_INCREMENT for table `product`
--
ALTER TABLE `product`
  MODIFY `id` int NOT NULL AUTO_INCREMENT;

--
-- AUTO_INCREMENT for table `purshase`
--
ALTER TABLE `purshase`
  MODIFY `id` int NOT NULL AUTO_INCREMENT;

--
-- AUTO_INCREMENT for table `purshase_item`
--
ALTER TABLE `purshase_item`
  MODIFY `id` int NOT NULL AUTO_INCREMENT;

--
-- AUTO_INCREMENT for table `subscription`
--
ALTER TABLE `subscription`
  MODIFY `id` int NOT NULL AUTO_INCREMENT;

--
-- AUTO_INCREMENT for table `sup_ticket`
--
ALTER TABLE `sup_ticket`
  MODIFY `id` int NOT NULL AUTO_INCREMENT, AUTO_INCREMENT=65;

--
-- AUTO_INCREMENT for table `user`
--
ALTER TABLE `user`
  MODIFY `id` int NOT NULL AUTO_INCREMENT, AUTO_INCREMENT=22;

--
-- AUTO_INCREMENT for table `verification`
--
ALTER TABLE `verification`
  MODIFY `id` int NOT NULL AUTO_INCREMENT;

--
-- AUTO_INCREMENT for table `verify_code`
--
ALTER TABLE `verify_code`
  MODIFY `id` int NOT NULL AUTO_INCREMENT;

--
-- Constraints for dumped tables
--

--
-- Constraints for table `affiliate_product`
--
ALTER TABLE `affiliate_product`
  ADD CONSTRAINT `FK_52842bab479ab07c179e26f4e77` FOREIGN KEY (`productId`) REFERENCES `product` (`id`),
  ADD CONSTRAINT `FK_d786d0d634e2c1cb08cb19cc998` FOREIGN KEY (`affiliateId`) REFERENCES `user` (`id`);

--
-- Constraints for table `article`
--
ALTER TABLE `article`
  ADD CONSTRAINT `FK_a9c5f4ec6cceb1604b4a3c84c87` FOREIGN KEY (`authorId`) REFERENCES `user` (`id`);

--
-- Constraints for table `attachment`
--
ALTER TABLE `attachment`
  ADD CONSTRAINT `FK_3d7e69c4806235cdc49140a0c9f` FOREIGN KEY (`uploaderId`) REFERENCES `user` (`id`),
  ADD CONSTRAINT `FK_7a8a6cc46014f4462f8d957c208` FOREIGN KEY (`attachedId`) REFERENCES `product` (`id`);

--
-- Constraints for table `orgz`
--
ALTER TABLE `orgz`
  ADD CONSTRAINT `FK_804c0a0eea5150c3dc4f1c8b7f1` FOREIGN KEY (`ownerId`) REFERENCES `user` (`id`);

--
-- Constraints for table `password`
--
ALTER TABLE `password`
  ADD CONSTRAINT `FK_dc877602e08545367e6f85b02e5` FOREIGN KEY (`userId`) REFERENCES `user` (`id`);

--
-- Constraints for table `payment`
--
ALTER TABLE `payment`
  ADD CONSTRAINT `FK_b046318e0b341a7f72110b75857` FOREIGN KEY (`userId`) REFERENCES `user` (`id`);

--
-- Constraints for table `product`
--
ALTER TABLE `product`
  ADD CONSTRAINT `FK_4346e4adb741e80f3711ee09ba4` FOREIGN KEY (`supplierId`) REFERENCES `user` (`id`),
  ADD CONSTRAINT `FK_5a529e8ea077d41e89239e99a9d` FOREIGN KEY (`relatedId`) REFERENCES `product` (`id`);

--
-- Constraints for table `product_subscriptions_subscription`
--
ALTER TABLE `product_subscriptions_subscription`
  ADD CONSTRAINT `FK_40ec579c6ddd80fe2758df9b974` FOREIGN KEY (`subscriptionId`) REFERENCES `subscription` (`id`),
  ADD CONSTRAINT `FK_8a36e3880deb511de32f533e12d` FOREIGN KEY (`productId`) REFERENCES `product` (`id`) ON DELETE CASCADE ON UPDATE CASCADE;

--
-- Constraints for table `purshase`
--
ALTER TABLE `purshase`
  ADD CONSTRAINT `FK_dd01bc6f41e3f2e5206ab3206ed` FOREIGN KEY (`userId`) REFERENCES `user` (`id`);

--
-- Constraints for table `purshase_item`
--
ALTER TABLE `purshase_item`
  ADD CONSTRAINT `FK_7d93c77cc4705c82cb97faedb9a` FOREIGN KEY (`purshaseId`) REFERENCES `purshase` (`id`),
  ADD CONSTRAINT `FK_c67f86f697620ddfc7490aca68b` FOREIGN KEY (`productId`) REFERENCES `product` (`id`);

--
-- Constraints for table `subscription`
--
ALTER TABLE `subscription`
  ADD CONSTRAINT `FK_cc906b4bc892b048f1b654d2aa0` FOREIGN KEY (`userId`) REFERENCES `user` (`id`);

--
-- Constraints for table `subscription_products_product`
--
ALTER TABLE `subscription_products_product`
  ADD CONSTRAINT `FK_0a883228c4d85f2dbd022972a0d` FOREIGN KEY (`productId`) REFERENCES `product` (`id`),
  ADD CONSTRAINT `FK_410a322403b7a0585329a67e203` FOREIGN KEY (`subscriptionId`) REFERENCES `subscription` (`id`) ON DELETE CASCADE ON UPDATE CASCADE;

--
-- Constraints for table `sup_ticket`
--
ALTER TABLE `sup_ticket`
  ADD CONSTRAINT `FK_27c411bb14add61cf846443aa61` FOREIGN KEY (`userId`) REFERENCES `user` (`id`);

--
-- Constraints for table `user`
--
ALTER TABLE `user`
  ADD CONSTRAINT `FK_becf195b0c4cbdb54c101af9f63` FOREIGN KEY (`referedBy`) REFERENCES `user` (`referralCode`);

--
-- Constraints for table `verification`
--
ALTER TABLE `verification`
  ADD CONSTRAINT `FK_8300048608d8721aea27747b07a` FOREIGN KEY (`userId`) REFERENCES `user` (`id`);

--
-- Constraints for table `verify_code`
--
ALTER TABLE `verify_code`
  ADD CONSTRAINT `FK_9f5d1db0d4362a19e2f500e57f8` FOREIGN KEY (`verificationId`) REFERENCES `verification` (`id`);
COMMIT;

/*!40101 SET CHARACTER_SET_CLIENT=@OLD_CHARACTER_SET_CLIENT */;
/*!40101 SET CHARACTER_SET_RESULTS=@OLD_CHARACTER_SET_RESULTS */;
/*!40101 SET COLLATION_CONNECTION=@OLD_COLLATION_CONNECTION */;
